episode,reward,loss,accuracy,steps
0,-900.0,0.0,0.07,100
1,-900.0,0.0,0.12,100
2,-900.0,241.43420663509104,0.04,100
3,-900.0,0.012442533592693508,0.07,100
4,-900.0,0.003394173386041075,0.08,100
5,-900.0,0.002028526053763926,0.07,100
6,-900.0,0.0009690785215934739,0.16,100
7,-900.0,0.4764751334337052,0.09,100
8,-900.0,0.00045238196500577035,0.07,100
9,-900.0,0.0003144709988555405,0.13,100
