episode,reward,loss,accuracy,steps
0,-900000.0,0.10247829649045084,0.0909,100000
1,-900000.0,0.0005190734412550228,0.08976,100000
2,-900000.0,0.0005067014971911703,0.09049,100000
3,-900000.0,0.0005312948543060338,0.08971,100000
4,-900000.0,0.0005445489838401408,0.0918,100000
